{"options":{"check_for_updates":true,"comment":null,"compat_foreach":false,"compat_metadata":false,"compat_powerful_this":null,"compat_wrappedjsobject":false,"compatopts_for_requires":true,"noframes":null,"override":{"merge_connects":true,"merge_excludes":true,"merge_includes":true,"merge_matches":true,"orig_connects":["nocaptchaai.com"],"orig_excludes":["/^(https?:\\/\\/)(.+)?((advertisingexcel|talkforfitness|rsadnetworkinfo|rsinsuranceinfo|rsfinanceinfo|rssoftwareinfo|rshostinginfo|rseducationinfo|gametechreviewer|vegan4k|phineypet|batmanfactor|techedifier|urlhives|linkhives|github|freeoseocheck|greenenez|aliyun|reddit|bing|yahoo|wiki-topia|edonmanor|vrtier|whatsapp|gearsadviser|edonmanor|tunebug|menrealitycalc|amazon|ebay|payoneer|paypal|skrill|stripe|tipalti|wise|discord|tokopedia|taobao|taboola|aliexpress|netflix|citigroup|spotify|bankofamerica|hsbc|(cloud|mail|translate|analytics|accounts|myaccount|contacts|clients6|developers|payments|pay|ogs|safety|wallet).google|(login|signup|account|officeapps|api|mail|hotmail).live).com|(thumb8|thumb9|crewbase|crewus|shinchu|shinbhu|ultraten|uniqueten|topcryptoz|allcryptoz|coinsvalue|cookinguide|cryptowidgets|webfreetools|carstopia|makeupguide|carsmania|nflximg|doubleclick).net|(linksfly|shortsfly|urlsfly|wefly|blog24).me|(greasyfork|openuserjs|adarima|telegram|wikipedia).org|mcrypto.club|misterio.ro|insurancegold.in|coinscap.info|(shopee|lazada|rakuten|maybank).*|(dana|ovo|bca.co|bri.co|bni.co|bankmandiri.co|desa|(.*).go).id|(.*).edu|(.*).gov)(\\/.*)/"],"orig_includes":[],"orig_matches":["*://*/*"],"orig_noframes":null,"orig_run_at":"document-start","use_blockers":[],"use_connects":[],"use_excludes":["/^[^:/#?]*:\\/\\/([^#?/]*\\.)?www\\.youtube\\.com(:[0-9]{1,5})?\\/.*$/","/^[^:/#?]*:\\/\\/([^#?/]*\\.)?accounts\\.youtube\\.com(:[0-9]{1,5})?\\/.*$/","/^[^:/#?]*:\\/\\/([^#?/]*\\.)?www\\.facebook\\.com(:[0-9]{1,5})?\\/.*$/","/^[^:/#?]*:\\/\\/([^#?/]*\\.)?www\\.fbsbx\\.com(:[0-9]{1,5})?\\/.*$/","/^[^:/#?]*:\\/\\/([^#?/]*\\.)?www\\.netflix\\.com(:[0-9]{1,5})?\\/.*$/","/^[^:/#?]*:\\/\\/([^#?/]*\\.)?ae\\.nflximg\\.net(:[0-9]{1,5})?\\/.*$/","/^[^:/#?]*:\\/\\/([^#?/]*\\.)?pddikti-admin\\.kemdikbud\\.go\\.id(:[0-9]{1,5})?\\/.*$/","/^[^:/#?]*:\\/\\/([^#?/]*\\.)?seller\\.shopee\\.co\\.id(:[0-9]{1,5})?\\/.*$/","/^[^:/#?]*:\\/\\/([^#?/]*\\.)?chat\\.openai\\.com(:[0-9]{1,5})?\\/.*$/","/^[^:/#?]*:\\/\\/([^#?/]*\\.)?play\\.pixels\\.xyz(:[0-9]{1,5})?\\/.*$/","/^[^:/#?]*:\\/\\/([^#?/]*\\.)?menrealitycalc\\.com(:[0-9]{1,5})?\\/.*$/","/^[^:/#?]*:\\/\\/([^#?/]*\\.)?mnet\\.my\\.id(:[0-9]{1,5})?\\/.*$/"],"use_includes":[],"use_matches":[]},"run_at":null,"sandbox":null,"tab_types":null,"unwrap":null,"user_modified":null},"settings":{"enabled":true,"position":5},"meta":{"name":"Bypass All Shortlinks","uuid":"85135e3b-c4d9-40f1-9fad-2f8aacfbf1e3","modified":1709780268892,"file_url":"https://update.greasyfork.org/scripts/431691/Bypass%20All%20Shortlinks.user.js"}}