{"options":{"check_for_updates":true,"comment":null,"compat_foreach":false,"compat_metadata":false,"compat_powerful_this":null,"compat_wrappedjsobject":false,"compatopts_for_requires":true,"noframes":null,"override":{"merge_connects":true,"merge_excludes":true,"merge_includes":true,"merge_matches":true,"orig_connects":[],"orig_excludes":[],"orig_includes":[],"orig_matches":["https://www.youtube.com/*"],"orig_noframes":true,"orig_run_at":"document-end","use_blockers":[],"use_connects":[],"use_excludes":[],"use_includes":[],"use_matches":[]},"run_at":null,"sandbox":null,"tab_types":null,"unwrap":null,"user_modified":null},"settings":{"enabled":true,"position":12},"meta":{"name":"Kill YouTube Channel Video Autoplay","uuid":"d27f61f4-946e-4c3e-9813-c5179bfcce98","modified":1652675844793,"file_url":"https://greasyfork.org/scripts/399862-kill-youtube-channel-video-autoplay/code/Kill%20YouTube%20Channel%20Video%20Autoplay.user.js"}}