{"configMode":100,"connect_mode":"ask","default_tab_types":"incognito+normal","enabled":true,"external_connect":"all","external_update_interval":1,"favicon_service":"google","forbiddenPages":["*example.org/*","*paypal.tld/*","*kemdikbud.go.id/*","*stripe.com/*","https://*deutsche-bank-24.tld/*","https://*bankofamerica.tld/*","/^.*:\\/\\/apis\\.google\\.com\\/((?!render)([^\\/]+)\\/)+([^\\/]+)?$/","*://www.facebook.com/plugins/*","*://platform.twitter.com/widgets/*","https://drive.google.com/*","http://rerips.com/*","http://drakoric.com/*","https://torrentwal.net/*","https://*.google.com/*","https://*.google.co.id/*","https://www.google.com/","https://www.google.com/*","https://www.google.co.id/","https://www.google.co.id/*","https://softgateon.herokuapp.com/*","http://driverename.iblogbox.com/*","https://www.mm1rza.com/*","https://blog.mm1rza.com/*","https://www.tokopedia.com/*","https://shopee.co.id/*","https://account.microsoft.com/*","https://ibanking.bankjateng.co.id/*","https://mm1rza.com/*","https://web.whatsapp.com/*","https://speedtest.cbn.id/*","https://www.netflix.com/*","https://laksa19.github.io/*","/^[^:/#?]*:\\/\\/([^#?/]*\\.)?portal\\.biznetgio\\.com(:[0-9]{1,5})?\\/.*$/","/^[^:/#?]*:\\/\\/([^#?/]*\\.)?toweroffantasy\\.interactivemap\\.app(:[0-9]{1,5})?\\/.*$/","/^[^:/#?]*:\\/\\/([^#?/]*\\.)?seller\\.tokopedia\\.com(:[0-9]{1,5})?\\/.*$/","/^[^:/#?]*:\\/\\/([^#?/]*\\.)?chat\\.openai\\.com(:[0-9]{1,5})?\\/.*$/","/^[^:/#?]*:\\/\\/([^#?/]*\\.)?cloud-as\\.ruijienetworks\\.com(:[0-9]{1,5})?\\/.*$/","/^[^:/#?]*:\\/\\/([^#?/]*\\.)?laporankerma\\.kemdikbud\\.go\\.id(:[0-9]{1,5})?\\/.*$/","/^[^:/#?]*:\\/\\/([^#?/]*\\.)?pddikti-admin\\.kemdikbud\\.go\\.id(:[0-9]{1,5})?\\/.*$/","/^[^:/#?]*:\\/\\/([^#?/]*\\.)?sister\\.kemdikbud\\.go\\.id(:[0-9]{1,5})?\\/.*$/","/^[^:/#?]*:\\/\\/([^#?/]*\\.)?pddikti\\.kemdikbud\\.go\\.id(:[0-9]{1,5})?\\/.*$/","/^[^:/#?]*:\\/\\/([^#?/]*\\.)?web3triads\\.com(:[0-9]{1,5})?\\/.*$/","/^[^:/#?]*:\\/\\/([^#?/]*\\.)?mnet\\.my\\.id(:[0-9]{1,5})?\\/.*$/","/^[^:/#?]*:\\/\\/([^#?/]*\\.)?login\\.teamviewer\\.com(:[0-9]{1,5})?\\/.*$/","/^[^:/#?]*:\\/\\/([^#?/]*\\.)?stats\\.uptimerobot\\.com(:[0-9]{1,5})?\\/.*$/","/^[^:/#?]*:\\/\\/([^#?/]*\\.)?tunnel\\.hostddns\\.us(:[0-9]{1,5})?\\/.*$/","/^[^:/#?]*:\\/\\/([^#?/]*\\.)?ad4msan\\.com(:[0-9]{1,5})?\\/.*$/","/^[^:/#?]*:\\/\\/([^#?/]*\\.)?103\\.189\\.96\\.18(:[0-9]{1,5})?\\/.*$/","/^[^:/#?]*:\\/\\/([^#?/]*\\.)?127\\.0\\.0\\.1(:[0-9]{1,5})?\\/.*$/","/^[^:/#?]*:\\/\\/([^#?/]*\\.)?inviglory\\.com(:[0-9]{1,5})?\\/.*$/","/^[^:/#?]*:\\/\\/([^#?/]*\\.)?192\\.168\\.99\\.253(:[0-9]{1,5})?\\/.*$/","/^[^:/#?]*:\\/\\/([^#?/]*\\.)?hallonet\\.id(:[0-9]{1,5})?\\/.*$/","/^[^:/#?]*:\\/\\/([^#?/]*\\.)?dev\\.miuiflash\\.com(:[0-9]{1,5})?\\/.*$/","/^[^:/#?]*:\\/\\/([^#?/]*\\.)?play\\.pixels\\.xyz(:[0-9]{1,5})?\\/.*$/","/^[^:/#?]*:\\/\\/([^#?/]*\\.)?pmb\\.akubisa\\.ac\\.id(:[0-9]{1,5})?\\/.*$/","/^[^:/#?]*:\\/\\/([^#?/]*\\.)?akuntansi\\.akubisa\\.ac\\.id(:[0-9]{1,5})?\\/.*$/","/^[^:/#?]*:\\/\\/([^#?/]*\\.)?akubisa\\.ac\\.id(:[0-9]{1,5})?\\/.*$/"],"incognito_mode":"temporary","layout":"default","layout_user_css":"","native_import":true,"native_import_path":"","native_import_post_action":"disable","notification_showUpdate":"changelog","page_filter_mode":"black","page_whitelist":["/https?:\\/\\/greasyfork\\.org\\/.*/","http://xkcd.com/970/"],"require_sri_mode":"supported","reset_sync":null,"run_sync":null,"sandbox_mode":"default","scriptUpdateCheckPeriod":21600000,"script_blacklist_server":[{"rules":["/https?:\\/\\/userscripts\\.org\\/scripts\\/(source|version)/(102614).*\\.user\\.js/"],"severity":2},{"name":"SaveFrom.net helper","reason":"Shows advertisements","rules":["/https?:\\/\\/sf-addon\\.com\\/.*\\/.*\\.user\\.js/","/https?:\\/\\/.*\\.sf-helper\\.com\\/.*\\.user\\.js/"],"severity":3},{"reasons":{"en":"Used for a phishing compain to compromise users of baon-nutrition.com"},"rules":["/https?:\\/\\/files\\.ulysse\\.travel\\/.*\\.user\\.js/"],"severity":8}],"script_include_mode":"default","statistics_enabled":false,"sync_enabled":false,"sync_type":"4","webrequest_fixCSP":"yes","webrequest_modHeaders":"yes"}